{
  "analysis_contract_sha256": "2408c72bdc57ac1715b39b292a483564505680f4a67de22c61cb4f38738cf056",
  "broad_bank_pure_integrated_power_ratio": 0.7982512589180356,
  "broad_bank_pure_passing_cell_count": 337,
  "broad_bank_pure_weighted_relative_l2": 0.32302469541759593,
  "broad_bank_total_integrated_power_ratio": 0.7986386695144754,
  "broad_bank_total_passing_cell_count": 337,
  "broad_bank_total_weighted_relative_l2": 0.3215865416140484,
  "broad_heldout_pure_integrated_power_ratio_per_phase": [
    1.0182016019143971,
    1.0152106616380032,
    0.9850389761367186,
    0.9990446865811463,
    0.9951184830679157,
    1.0225739185970883,
    1.0004813412386933,
    1.022592905687876,
    0.9938921641028353,
    0.9882196962638289,
    1.0318935309476496,
    0.9935809486857049,
    1.0231723509068134,
    0.9860530697265597,
    1.0021240021473197,
    0.9993968370069641
  ],
  "broad_heldout_total_integrated_power_ratio_per_phase": [
    1.0177330742058814,
    1.0153040152716954,
    0.985003217211833,
    1.000247476686796,
    0.9954975536214608,
    1.023333451890451,
    1.000830299408253,
    1.0228624940392557,
    0.993690755741815,
    0.9882470128859006,
    1.0319995607533208,
    0.9936952419223195,
    1.0233907547319343,
    0.98679263726854,
    1.0024011657496554,
    1.0000204327324664
  ],
  "broad_median_worst_total_cell_error": 0.11836311671318203,
  "broad_minimum_passing_cell_count_over_phases": 387,
  "broad_pure_passing_cell_count_per_phase": [
    388,
    389,
    387,
    388,
    389,
    389,
    388,
    389,
    388,
    389,
    389,
    389,
    389,
    389,
    388,
    389
  ],
  "broad_pure_weighted_relative_l2_per_phase": [
    0.06323646222804408,
    0.06423966034198426,
    0.038060775283822186,
    0.08276695920692806,
    0.04521492105496942,
    0.06894302774008121,
    0.060154738869511816,
    0.0832717287588227,
    0.09494148500565165,
    0.06560119302192614,
    0.1276271436688555,
    0.05133121387116299,
    0.09525617401425243,
    0.06750870519241961,
    0.0372251953996547,
    0.03252260847449937
  ],
  "broad_robust_total_passing_cell_count": 333,
  "broad_same_cell_response_fraction_percentiles": [
    0.0006296795248480396,
    0.12001179030679039,
    0.16973409294289568,
    0.24466206332973484,
    0.4045628207686916
  ],
  "broad_total_passing_cell_count_per_phase": [
    388,
    389,
    387,
    388,
    389,
    389,
    388,
    389,
    388,
    389,
    389,
    389,
    389,
    389,
    388,
    389
  ],
  "broad_total_weighted_relative_l2_per_phase": [
    0.06254385493943335,
    0.0624208894206649,
    0.03789257845929562,
    0.082310925337516,
    0.04466281842512313,
    0.07045155925895495,
    0.06033732166141266,
    0.08419675087838581,
    0.09475376904862866,
    0.06685594515735178,
    0.1284556038365616,
    0.051346599471090076,
    0.09639411435118149,
    0.0663218922733778,
    0.038701000564579376,
    0.033307280476492805
  ],
  "broad_window_effective_width_source_bands_percentiles": [
    2.7793473384566805,
    6.228466105340336,
    9.122164576546554,
    12.882519401999547,
    19.923671031389524
  ],
  "broad_worst_foreground_effect": 0.006578764750114453,
  "broad_worst_pure_cell_error": 0.2362537534569271,
  "broad_worst_pure_weighted_relative_l2": 0.1276271436688555,
  "broad_worst_total_cell_error": 0.23641897619105773,
  "broad_worst_total_weighted_relative_l2": 0.1284556038365616,
  "combined_rows_per_kperp_bin": 240,
  "evaluated_all_phase_pure_passing_cell_count": 400,
  "evaluated_all_phase_total_passing_cell_count": 400,
  "evaluated_bank_pure_passing_cell_count": 354,
  "evaluated_bank_total_passing_cell_count": 354,
  "evaluated_geometric_window_response_fraction_percentiles": [
    0.8931858964253125,
    0.9996679821759289,
    0.9999999619353623,
    0.9999999991977171,
    0.9999999999917948
  ],
  "evaluated_pure_passing_cell_count_per_phase": [
    407,
    408,
    406,
    407,
    408,
    408,
    407,
    408,
    407,
    408,
    408,
    407,
    408,
    408,
    407,
    408
  ],
  "evaluated_robust_total_passing_cell_count": 349,
  "evaluated_same_cell_response_fraction_percentiles": [
    0.0006296795248480396,
    0.11537313062440722,
    0.16353421171887644,
    0.2410297479173253,
    0.4045628207686916
  ],
  "evaluated_total_passing_cell_count_per_phase": [
    407,
    408,
    406,
    407,
    408,
    408,
    407,
    408,
    407,
    408,
    408,
    407,
    408,
    408,
    407,
    408
  ],
  "evaluated_worst_bank_pure_cell_error": 0.8107322060069079,
  "evaluated_worst_bank_total_cell_error": 0.8099887008225525,
  "evaluated_worst_foreground_effect": 0.006578764750114453,
  "evaluated_worst_pure_cell_error": 0.2362537534569271,
  "evaluated_worst_total_cell_error": 0.23641897619105773,
  "exact_broad_candidate_count": 389,
  "exact_broad_fraction_of_geometric_window": 0.9534313725490197,
  "frequency_contract_sha256": "6aa156342c26355cf2f09319e9c814d9cb1f9bd8e9713d3339b729220b6ec25e",
  "geometric_eor_window_cell_count": 408,
  "heldout_phase_count": 16,
  "interpretation": "Recoverable cells are response-windowed bandpowers, not independent delta-function sky bins.",
  "qbeta_evaluated_geometric_cell_count": 408,
  "recoverable_cell_count": 333,
  "recoverable_fraction_of_geometric_window": 0.8161764705882353,
  "schema": "visibility_qbeta_full_window_audit",
  "schema_version": 1,
  "spectral_filter_supported_cell_count": 408,
  "status_counts_within_geometric_window": {
    "heldout_eor_closure_failure": 4,
    "physical_eor_closure_failure": 52,
    "recoverable_windowed_bandpower": 333,
    "response_leaks_outside_eor": 19
  },
  "thresholds": {
    "maximum_cell_error": 0.2,
    "minimum_filter_sensitivity": 0.0,
    "minimum_geometric_window_fraction": 0.95,
    "minimum_relative_qbeta_response": 0.1,
    "minimum_window_self_fraction": 0.0
  },
  "visibility_bank_sha256": "9b97a62ba2ff495c4ba2d8e414929b6b6596d571dd70578ffcebafe86dd68694"
}
