{
  "analysis_contract_sha256": "2408c72bdc57ac1715b39b292a483564505680f4a67de22c61cb4f38738cf056",
  "broad_bank_pure_integrated_power_ratio": 0.7882021736052289,
  "broad_bank_pure_passing_cell_count": 310,
  "broad_bank_pure_weighted_relative_l2": 0.35013953639405127,
  "broad_bank_total_integrated_power_ratio": 0.7884196967635412,
  "broad_bank_total_passing_cell_count": 310,
  "broad_bank_total_weighted_relative_l2": 0.34931343106204354,
  "broad_heldout_pure_integrated_power_ratio_per_phase": [
    1.0179108035335187,
    1.01372761515048,
    0.9731595201333091,
    0.9925695864359373,
    0.9982689469788478,
    1.0150898683638616,
    0.9854694492250988,
    1.014691097380738,
    0.995378375870141,
    0.9977319488444526,
    1.0145658492408638,
    0.9974064956599854,
    1.0175817409778747,
    0.9880151480423324,
    1.0032928036337654,
    0.9956160226877196
  ],
  "broad_heldout_total_integrated_power_ratio_per_phase": [
    1.017688643358119,
    1.013747526123536,
    0.9731257201674844,
    0.9930859262714106,
    0.9984811782548866,
    1.015294057891209,
    0.9856312344358337,
    1.0147423098111108,
    0.9951966601984312,
    0.9978592867794029,
    1.0145859850885546,
    0.9975240624863639,
    1.0177082839395801,
    0.9883166265579189,
    1.0033358231896083,
    0.9959062053145733
  ],
  "broad_median_worst_total_cell_error": 0.11731959402175304,
  "broad_minimum_passing_cell_count_over_phases": 359,
  "broad_pure_passing_cell_count_per_phase": [
    360,
    361,
    359,
    360,
    361,
    361,
    360,
    361,
    360,
    361,
    361,
    361,
    361,
    361,
    360,
    361
  ],
  "broad_pure_weighted_relative_l2_per_phase": [
    0.07723813673056462,
    0.05702377706814254,
    0.0533991492683903,
    0.10980824316978911,
    0.04642583020350461,
    0.063849133021209,
    0.0772976883903468,
    0.08153162931218712,
    0.08106547469856411,
    0.06648378339138858,
    0.10022659964340165,
    0.06733290377749257,
    0.0919953156628312,
    0.07089533816707108,
    0.031715558727348325,
    0.034102857008694386
  ],
  "broad_robust_total_passing_cell_count": 306,
  "broad_same_cell_response_fraction_percentiles": [
    0.07934635847461217,
    0.1275986064291879,
    0.180706156009151,
    0.2517236915317754,
    0.4045628207686916
  ],
  "broad_total_passing_cell_count_per_phase": [
    360,
    361,
    359,
    360,
    361,
    361,
    360,
    361,
    360,
    361,
    361,
    361,
    361,
    361,
    360,
    361
  ],
  "broad_total_weighted_relative_l2_per_phase": [
    0.07637200011799898,
    0.05680052789982856,
    0.05316610249785208,
    0.10922368680939121,
    0.04633345994304147,
    0.06418758224489943,
    0.07690994036446187,
    0.08181120184937403,
    0.08135994183788701,
    0.06730967149447839,
    0.10073301939511489,
    0.06742164955526841,
    0.09256542048903309,
    0.07063605213714728,
    0.03194446856856204,
    0.034423561446285875
  ],
  "broad_window_effective_width_source_bands_percentiles": [
    4.0997223208440605,
    6.303563892976508,
    9.122208305988897,
    12.882519401999547,
    19.923671031389524
  ],
  "broad_worst_foreground_effect": 0.0033972530726910505,
  "broad_worst_pure_cell_error": 0.2362537534569271,
  "broad_worst_pure_weighted_relative_l2": 0.10980824316978911,
  "broad_worst_total_cell_error": 0.23641897619105773,
  "broad_worst_total_weighted_relative_l2": 0.10922368680939121,
  "combined_rows_per_kperp_bin": 240,
  "evaluated_all_phase_pure_passing_cell_count": 360,
  "evaluated_all_phase_total_passing_cell_count": 360,
  "evaluated_bank_pure_passing_cell_count": 316,
  "evaluated_bank_total_passing_cell_count": 316,
  "evaluated_geometric_window_response_fraction_percentiles": [
    0.9165199571551232,
    0.9999863689993659,
    0.9999999837173996,
    0.9999999994533187,
    0.9999999999917948
  ],
  "evaluated_pure_passing_cell_count_per_phase": [
    367,
    368,
    366,
    367,
    368,
    368,
    367,
    368,
    367,
    368,
    368,
    367,
    368,
    368,
    367,
    368
  ],
  "evaluated_robust_total_passing_cell_count": 311,
  "evaluated_same_cell_response_fraction_percentiles": [
    0.07934635847461217,
    0.12562086456449081,
    0.17997135097781802,
    0.24951624288917176,
    0.4045628207686916
  ],
  "evaluated_total_passing_cell_count_per_phase": [
    367,
    368,
    366,
    367,
    368,
    368,
    367,
    368,
    367,
    368,
    368,
    367,
    368,
    368,
    367,
    368
  ],
  "evaluated_worst_bank_pure_cell_error": 0.8107322060069079,
  "evaluated_worst_bank_total_cell_error": 0.8099887008225525,
  "evaluated_worst_foreground_effect": 0.0033972530726910505,
  "evaluated_worst_pure_cell_error": 0.2362537534569271,
  "evaluated_worst_total_cell_error": 0.23641897619105773,
  "exact_broad_candidate_count": 361,
  "exact_broad_fraction_of_geometric_window": 0.8848039215686274,
  "frequency_contract_sha256": "6aa156342c26355cf2f09319e9c814d9cb1f9bd8e9713d3339b729220b6ec25e",
  "geometric_eor_window_cell_count": 408,
  "heldout_phase_count": 16,
  "interpretation": "Recoverable cells are response-windowed bandpowers, not independent delta-function sky bins.",
  "qbeta_evaluated_geometric_cell_count": 368,
  "recoverable_cell_count": 306,
  "recoverable_fraction_of_geometric_window": 0.75,
  "schema": "visibility_qbeta_full_window_audit",
  "schema_version": 1,
  "spectral_filter_supported_cell_count": 368,
  "status_counts_within_geometric_window": {
    "heldout_eor_closure_failure": 4,
    "physical_eor_closure_failure": 51,
    "recoverable_windowed_bandpower": 306,
    "removed_by_dpss_response": 40,
    "response_leaks_outside_eor": 7
  },
  "thresholds": {
    "maximum_cell_error": 0.2,
    "minimum_filter_sensitivity": 0.0001,
    "minimum_geometric_window_fraction": 0.95,
    "minimum_relative_qbeta_response": 0.1,
    "minimum_window_self_fraction": 0.1
  },
  "visibility_bank_sha256": "9b97a62ba2ff495c4ba2d8e414929b6b6596d571dd70578ffcebafe86dd68694"
}
